review_id,text,issue_category_code,source_code,rating,notes
qwen-cleanliness-001,The room was spotless and the linens were fresh. I felt very clean after my stay.,cleanliness,qwen_synthetic_draft,5,qwen-generated draft; requires human review
qwen-cleanliness-002,"I noticed some minor dust on the ceiling fan, but overall the room was quite clean.",cleanliness,qwen_synthetic_draft,4,qwen-generated draft; requires human review
qwen-cleanliness-003,The bathroom had a strong odor that lingered for hours after my stay. It was disappointing.,cleanliness,qwen_synthetic_draft,3,qwen-generated draft; requires human review
qwen-cleanliness-004,The towels were old and not very absorbent. I felt uncomfortable sleeping with them.,cleanliness,qwen_synthetic_draft,2,qwen-generated draft; requires human review
qwen-cleanliness-005,"I found some lint in the bathtub, which made me feel a bit uneasy about hygiene.",cleanliness,qwen_synthetic_draft,3,qwen-generated draft; requires human review
qwen-cleanliness-006,The hotel's lobby was dirty and dusty. It was not welcoming at all.,cleanliness,qwen_synthetic_draft,2,qwen-generated draft; requires human review
qwen-cleanliness-007,"I appreciated the cleanliness of the room, but the bathroom needed some maintenance.",cleanliness,qwen_synthetic_draft,4,qwen-generated draft; requires human review
qwen-cleanliness-008,The linen was old and made me feel like I was staying in an older hotel. It could have been cleaner.,cleanliness,qwen_synthetic_draft,3,qwen-generated draft; requires human review
qwen-cleanliness-009,"I noticed a few spots of mold on the wall, which is concerning for hygiene reasons.",cleanliness,qwen_synthetic_draft,2,qwen-generated draft; requires human review
qwen-cleanliness-010,"The overall cleanliness was good, but there were some small issues that needed addressing.",cleanliness,qwen_synthetic_draft,4,qwen-generated draft; requires human review
qwen-cleanliness-011,"The room was spotless, the linens were fresh and clean.",cleanliness,qwen_synthetic_draft,4,qwen-generated draft; requires human review
qwen-cleanliness-012,I noticed some mild soap residue in the bathroom sink.,cleanliness,qwen_synthetic_draft,3,qwen-generated draft; requires human review
qwen-cleanliness-013,"Upon arrival, the hotel informed me that my bed sheets had a tear and needed to be changed immediately.",cleanliness,qwen_synthetic_draft,2,qwen-generated draft; requires human review
qwen-cleanliness-014,"The hotel's public areas were well-maintained, but one of the towels felt slightly worn.",cleanliness,qwen_synthetic_draft,4,qwen-generated draft; requires human review
qwen-cleanliness-015,"I found some lint on the floor of my room, which was disappointing after paying for a clean stay.",cleanliness,qwen_synthetic_draft,3,qwen-generated draft; requires human review
qwen-cleanliness-016,"The bathroom in my suite was exceptionally clean, with no traces of soap or dirt.",cleanliness,qwen_synthetic_draft,5,qwen-generated draft; requires human review
qwen-cleanliness-017,One of the towels I received had visible stains and needed to be laundered.,cleanliness,qwen_synthetic_draft,2,qwen-generated draft; requires human review
qwen-cleanliness-018,"I appreciated that the hotel provided new towels at check-in, making up for any cleanliness issues.",cleanliness,qwen_synthetic_draft,4,qwen-generated draft; requires human review
qwen-cleanliness-019,"The hotel's laundry service was slow, resulting in dirty linens for a couple of days.",cleanliness,qwen_synthetic_draft,3,qwen-generated draft; requires human review
qwen-cleanliness-020,I noticed some scuffs on the carpet near the entrance; it wasn't severe but noticeable.,cleanliness,qwen_synthetic_draft,4,qwen-generated draft; requires human review
qwen-cleanliness-021,The bathroom was spotless and fresh when I checked in. Thank you!,cleanliness,qwen_synthetic_draft,5,qwen-generated draft; requires human review
qwen-cleanliness-022,I noticed some scuffs on the floor but it wasn't too noticeable.,cleanliness,qwen_synthetic_draft,4,qwen-generated draft; requires human review
qwen-cleanliness-023,"The linen was not as clean as expected, and needed ironing after just one stay.",cleanliness,qwen_synthetic_draft,3,qwen-generated draft; requires human review
qwen-cleanliness-024,"The towels were clean, but there were some lint spots that could have been avoided.",cleanliness,qwen_synthetic_draft,3,qwen-generated draft; requires human review
qwen-cleanliness-025,The public areas were quite dirty when we arrived. I didn't want to stay long!,cleanliness,qwen_synthetic_draft,2,qwen-generated draft; requires human review
qwen-cleanliness-026,"There was a small puddle of water in the hallway outside my room, which I had to clean myself.",cleanliness,qwen_synthetic_draft,2,qwen-generated draft; requires human review
qwen-cleanliness-027,"The rooms were clean, but the bathrooms needed some cleaning after one stay.",cleanliness,qwen_synthetic_draft,3,qwen-generated draft; requires human review
qwen-cleanliness-028,I noticed some dust on the ceiling fan and the air conditioning vents.,cleanliness,qwen_synthetic_draft,3,qwen-generated draft; requires human review
qwen-cleanliness-029,The linens were very dirty when I checked in. I had to request new ones right away.,cleanliness,qwen_synthetic_draft,2,qwen-generated draft; requires human review
qwen-cleanliness-030,"The bathroom was clean, but the floor was slippery and needed more cleaning.",cleanliness,qwen_synthetic_draft,2,qwen-generated draft; requires human review
qwen-cleanliness-031,"The room was very clean, the sheets were fresh and the bathroom spotless.",cleanliness,qwen_synthetic_draft,5,qwen-generated draft; requires human review
qwen-cleanliness-032,I stayed here for a week and couldn't find a single speck of dust anywhere!,cleanliness,qwen_synthetic_draft,4,qwen-generated draft; requires human review
qwen-cleanliness-033,"The linen was crisp and clean, making my stay comfortable and relaxing.",cleanliness,qwen_synthetic_draft,4,qwen-generated draft; requires human review
qwen-cleanliness-034,My room was spotless when I arrived. Everything was in perfect condition.,cleanliness,qwen_synthetic_draft,5,qwen-generated draft; requires human review
qwen-cleanliness-035,"The hotel's public areas were clean and well-maintained, which was a relief after a long day of traveling.",cleanliness,qwen_synthetic_draft,4,qwen-generated draft; requires human review
qwen-cleanliness-036,"I found a tiny bit of dust on the pillow when I checked in. Not ideal, but overall still quite nice.",cleanliness,qwen_synthetic_draft,3,qwen-generated draft; requires human review
qwen-cleanliness-037,"The bathroom had a small stain, but it was cleaned promptly and efficiently.",cleanliness,qwen_synthetic_draft,4,qwen-generated draft; requires human review
qwen-cleanliness-038,My linen was quite old and not as clean as expected. It's definitely room for improvement.,cleanliness,qwen_synthetic_draft,2,qwen-generated draft; requires human review
qwen-cleanliness-039,"I noticed some minor dust accumulation in the room, but nothing too significant.",cleanliness,qwen_synthetic_draft,3,qwen-generated draft; requires human review
qwen-cleanliness-040,"The hotel's cleanliness was excellent during my stay, and I would highly recommend it.",cleanliness,qwen_synthetic_draft,5,qwen-generated draft; requires human review
qwen-room-condition-001,"The room was a bit dark and the curtains were old, affecting my sleep.",room_condition,qwen_synthetic_draft,2,qwen-generated draft; requires human review
qwen-room-condition-002,"The air conditioning was broken for most of the stay, making it extremely hot during the summer.",room_condition,qwen_synthetic_draft,3,qwen-generated draft; requires human review
qwen-room-condition-003,The bathroom fixtures were very old and creaky.,room_condition,qwen_synthetic_draft,1,qwen-generated draft; requires human review
qwen-room-condition-004,The floor tiles were worn out and the carpet was dirty.,room_condition,qwen_synthetic_draft,2,qwen-generated draft; requires human review
qwen-room-condition-005,"The hot water system was slow, causing a lot of frustration.",room_condition,qwen_synthetic_draft,3,qwen-generated draft; requires human review
qwen-room-condition-006,There was significant noise insulation issues from neighboring rooms.,room_condition,qwen_synthetic_draft,4,qwen-generated draft; requires human review
qwen-room-condition-007,"The room was clean, but the linens were old and unrefreshing.",room_condition,qwen_synthetic_draft,2,qwen-generated draft; requires human review
qwen-room-condition-008,The bathroom had a leaky faucet that caused water damage to the wall.,room_condition,qwen_synthetic_draft,1,qwen-generated draft; requires human review
qwen-room-condition-009,"The window panes were foggy, making it hard to see outside.",room_condition,qwen_synthetic_draft,3,qwen-generated draft; requires human review
qwen-room-condition-010,The carpet was worn and needed replacing.,room_condition,qwen_synthetic_draft,2,qwen-generated draft; requires human review
qwen-room-condition-011,The room was in poor condition when we arrived. The air conditioning wasn't working and the water heater broke shortly after we checked in.,room_condition,qwen_synthetic_draft,1,qwen-generated draft; requires human review
qwen-room-condition-012,Our hotel room had a leaky faucet and the carpet was worn out. It felt like staying in an old house.,room_condition,qwen_synthetic_draft,2,qwen-generated draft; requires human review
qwen-room-condition-013,"The windows were rattling due to poor insulation, and the floor tiles were cracked. We stayed for three nights but it made us feel uncomfortable every day.",room_condition,qwen_synthetic_draft,3,qwen-generated draft; requires human review
qwen-room-condition-014,"The bathroom sink was clogged, and there was no hot water available. The air conditioning was too cold, making it difficult to sleep.",room_condition,qwen_synthetic_draft,1,qwen-generated draft; requires human review
qwen-room-condition-015,"The room had a musty smell, and the carpet was infested with ants. The shower door broke during our stay.",room_condition,qwen_synthetic_draft,2,qwen-generated draft; requires human review
qwen-room-condition-016,The air conditioning in our room didn't work at all for two days. The bathroom mirror fogged up every time we took a shower.,room_condition,qwen_synthetic_draft,3,qwen-generated draft; requires human review
qwen-room-condition-017,"The room had a significant leak in the ceiling, causing water damage to our belongings. The carpet was also damaged and needed replacement.",room_condition,qwen_synthetic_draft,1,qwen-generated draft; requires human review
qwen-room-condition-018,"Our hotel room had a moldy smell, and the toilet was clogged. The air conditioning wasn't effective, making us feel hot and sweaty.",room_condition,qwen_synthetic_draft,2,qwen-generated draft; requires human review
qwen-room-condition-019,"The windows in our room were broken, causing drafts and noise insulation issues. The bathroom sink broke during our stay, leaving us with no hot water.",room_condition,qwen_synthetic_draft,3,qwen-generated draft; requires human review
qwen-room-condition-020,"Our hotel room had a musty odor, and the shower door was cracked. The air conditioning was too cold, making it difficult to sleep.",room_condition,qwen_synthetic_draft,1,qwen-generated draft; requires human review
qwen-room-condition-021,"The air conditioning was broken for most of our stay, making it very uncomfortable.",room_condition,qwen_synthetic_draft,2,qwen-generated draft; requires human review
qwen-room-condition-022,Our room had a leaky faucet that required constant attention and cleaning.,room_condition,qwen_synthetic_draft,3,qwen-generated draft; requires human review
qwen-room-condition-023,The floor in our room was cracked and needed repairs as soon as possible.,room_condition,qwen_synthetic_draft,4,qwen-generated draft; requires human review
qwen-room-condition-024,"The hot water heater failed, leaving us with cold showers for several days.",room_condition,qwen_synthetic_draft,2,qwen-generated draft; requires human review
qwen-room-condition-025,"Noise insulation was poor, and the construction noises disturbed our sleep significantly.",room_condition,qwen_synthetic_draft,3,qwen-generated draft; requires human review
qwen-room-condition-026,"One of the beds in the room was broken, which made it difficult to get a good night's rest.",room_condition,qwen_synthetic_draft,4,qwen-generated draft; requires human review
qwen-room-condition-027,"The air conditioning stopped working completely during our stay, leaving us hot and uncomfortable.",room_condition,qwen_synthetic_draft,2,qwen-generated draft; requires human review
qwen-room-condition-028,There was mold and mildew in one of the rooms that needed thorough cleaning.,room_condition,qwen_synthetic_draft,3,qwen-generated draft; requires human review
qwen-room-condition-029,The room had a small leak under the bed that required immediate attention.,room_condition,qwen_synthetic_draft,4,qwen-generated draft; requires human review
qwen-room-condition-030,"The hot water pressure was very low, making it hard to wash dishes properly.",room_condition,qwen_synthetic_draft,2,qwen-generated draft; requires human review
qwen-room-condition-031,The air conditioning was so poor that I had to use a hair dryer to cool down my room. This is unacceptable for a hotel!,room_condition,qwen_synthetic_draft,1,qwen-generated draft; requires human review
qwen-room-condition-032,"My room was in really bad shape when we arrived. The carpet was worn out, and the shower wasn't working properly.",room_condition,qwen_synthetic_draft,2,qwen-generated draft; requires human review
qwen-room-condition-033,The hot water system was broken for several days. I had to stay at another hotel during my entire stay.,room_condition,qwen_synthetic_draft,1,qwen-generated draft; requires human review
qwen-room-condition-034,"There was a lot of noise coming from the floor above, which made it difficult to sleep.",room_condition,qwen_synthetic_draft,2,qwen-generated draft; requires human review
qwen-room-condition-035,The room was quite small and cramped. There wasn't enough space for two people.,room_condition,qwen_synthetic_draft,3,qwen-generated draft; requires human review
qwen-room-condition-036,"The lighting in the room was very dim, making it hard to read at night.",room_condition,qwen_synthetic_draft,2,qwen-generated draft; requires human review
qwen-room-condition-037,The towels were very old and didn't feel soft. This is a huge letdown for a hotel.,room_condition,qwen_synthetic_draft,1,qwen-generated draft; requires human review
qwen-room-condition-038,"There was no air conditioning in the room, so we had to rely on the fan instead. It was uncomfortable during the hot weather.",room_condition,qwen_synthetic_draft,2,qwen-generated draft; requires human review
qwen-room-condition-039,"The shower door was broken, making it difficult to enter and exit the bathroom.",room_condition,qwen_synthetic_draft,1,qwen-generated draft; requires human review
qwen-room-condition-040,"The room was clean, but the bedding needed some updating. The sheets were thin and didn't feel comfortable.",room_condition,qwen_synthetic_draft,3,qwen-generated draft; requires human review
qwen-food-beverage-001,The restaurant was a bit slow but the food was delicious.,food_beverage,qwen_synthetic_draft,4,qwen-generated draft; requires human review
qwen-food-beverage-002,I had a great breakfast at the hotel. The service was top-notch.,food_beverage,qwen_synthetic_draft,5,qwen-generated draft; requires human review
qwen-food-beverage-003,The bar area was cozy and they have good drinks.,food_beverage,qwen_synthetic_draft,4,qwen-generated draft; requires human review
qwen-food-beverage-004,"Room service took a long time today, but the food was okay.",food_beverage,qwen_synthetic_draft,3,qwen-generated draft; requires human review
qwen-food-beverage-005,Had to order from room service again - it was expensive.,food_beverage,qwen_synthetic_draft,2,qwen-generated draft; requires human review
qwen-food-beverage-006,Dining hall had great variety of dishes. Service was prompt.,food_beverage,qwen_synthetic_draft,5,qwen-generated draft; requires human review
qwen-food-beverage-007,Food quality was poor and portions were small.,food_beverage,qwen_synthetic_draft,1,qwen-generated draft; requires human review
qwen-food-beverage-008,Brought my own breakfast and it was delicious.,food_beverage,qwen_synthetic_draft,4,qwen-generated draft; requires human review
qwen-food-beverage-009,Bar area was crowded and noisy tonight.,food_beverage,qwen_synthetic_draft,3,qwen-generated draft; requires human review
qwen-food-beverage-010,Had a great time at the hotel restaurant. Food was excellent.,food_beverage,qwen_synthetic_draft,5,qwen-generated draft; requires human review
qwen-food-beverage-011,The restaurant was terrible. The food was cold and tasted like it had been sitting out all day.,food_beverage,qwen_synthetic_draft,1,qwen-generated draft; requires human review
qwen-food-beverage-012,The service at the bar was slow and unhelpful. I left feeling disappointed.,food_beverage,qwen_synthetic_draft,2,qwen-generated draft; requires human review
qwen-food-beverage-013,"The room service delivery was prompt, but the food quality was hit-or-miss.",food_beverage,qwen_synthetic_draft,3,qwen-generated draft; requires human review
qwen-food-beverage-014,I had a great breakfast experience at this hotel. The pancakes were delicious and fresh.,food_beverage,qwen_synthetic_draft,5,qwen-generated draft; requires human review
qwen-food-beverage-015,"The restaurant's ambiance was nice, but the food was just okay.",food_beverage,qwen_synthetic_draft,4,qwen-generated draft; requires human review
qwen-food-beverage-016,I enjoyed my dinner at the hotel's restaurant. The service was exceptional.,food_beverage,qwen_synthetic_draft,5,qwen-generated draft; requires human review
qwen-food-beverage-017,"The bar was quiet and peaceful, perfect for a relaxing evening.",food_beverage,qwen_synthetic_draft,4,qwen-generated draft; requires human review
qwen-food-beverage-018,The food in the room service was not up to par. It took too long to arrive.,food_beverage,qwen_synthetic_draft,2,qwen-generated draft; requires human review
qwen-food-beverage-019,I had an excellent lunch at the hotel's restaurant. The staff were very friendly.,food_beverage,qwen_synthetic_draft,5,qwen-generated draft; requires human review
qwen-food-beverage-020,"The bar was very lively, but the drinks tasted strange and overpriced.",food_beverage,qwen_synthetic_draft,2,qwen-generated draft; requires human review
qwen-food-beverage-021,The room service was quick and the food was surprisingly good for a hotel.,food_beverage,qwen_synthetic_draft,4,qwen-generated draft; requires human review
qwen-food-beverage-022,I enjoyed my stay at this hotel and especially the excellent restaurant.,food_beverage,qwen_synthetic_draft,5,qwen-generated draft; requires human review
qwen-food-beverage-023,"The coffee in the breakfast buffet was not very tasty, which disappointed me.",food_beverage,qwen_synthetic_draft,2,qwen-generated draft; requires human review
qwen-food-beverage-024,"The bar had a wide variety of drinks, but the service could have been better.",food_beverage,qwen_synthetic_draft,3,qwen-generated draft; requires human review
qwen-food-beverage-025,The restaurant provided an excellent meal and attentive service.,food_beverage,qwen_synthetic_draft,5,qwen-generated draft; requires human review
qwen-food-beverage-026,"The room service took too long to arrive, and I didn't enjoy my food much.",food_beverage,qwen_synthetic_draft,1,qwen-generated draft; requires human review
qwen-food-beverage-027,"I was happy with the breakfast, but disappointed by the quality of the restaurant.",food_beverage,qwen_synthetic_draft,3,qwen-generated draft; requires human review
qwen-food-beverage-028,"The bar staff were friendly, but the selection of drinks was limited.",food_beverage,qwen_synthetic_draft,2,qwen-generated draft; requires human review
qwen-food-beverage-029,"The room service was punctual, and the food was just okay.",food_beverage,qwen_synthetic_draft,3,qwen-generated draft; requires human review
qwen-food-beverage-030,"I had a wonderful meal at the hotel's restaurant, which is a great addition to their facilities.",food_beverage,qwen_synthetic_draft,5,qwen-generated draft; requires human review
qwen-food-beverage-031,The buffet was disappointing. The food portions were small and the service was slow.,food_beverage,qwen_synthetic_draft,2,qwen-generated draft; requires human review
qwen-food-beverage-032,I had a great time at the rooftop bar. The drinks were excellent and the views were stunning.,food_beverage,qwen_synthetic_draft,5,qwen-generated draft; requires human review
qwen-food-beverage-033,"The room service was timely, but the food quality was hit or miss.",food_beverage,qwen_synthetic_draft,3,qwen-generated draft; requires human review
qwen-food-beverage-034,I love the breakfast at this hotel. The pancakes are always fresh and delicious.,food_beverage,qwen_synthetic_draft,4,qwen-generated draft; requires human review
qwen-food-beverage-035,"The bar wasn't open when I arrived, which was a disappointment.",food_beverage,qwen_synthetic_draft,2,qwen-generated draft; requires human review
qwen-food-beverage-036,I had dinner in the restaurant yesterday. The service was excellent and the food was amazing.,food_beverage,qwen_synthetic_draft,5,qwen-generated draft; requires human review
qwen-food-beverage-037,The banquet hall for my event was beautiful and the catering team did a great job.,food_beverage,qwen_synthetic_draft,4,qwen-generated draft; requires human review
qwen-food-beverage-038,"I tried the new restaurant on-site. The ambiance was nice, but the food was too expensive.",food_beverage,qwen_synthetic_draft,3,qwen-generated draft; requires human review
qwen-food-beverage-039,The breakfast buffet is one of my favorite parts about staying at this hotel.,food_beverage,qwen_synthetic_draft,5,qwen-generated draft; requires human review
qwen-food-beverage-040,I had a terrible experience with the room service. The food arrived cold and was inedible.,food_beverage,qwen_synthetic_draft,1,qwen-generated draft; requires human review
qwen-service-delay-001,I had to wait for over an hour at the front desk just to check in. It was a real hassle.,service_delay,qwen_synthetic_draft,2,qwen-generated draft; requires human review
qwen-service-delay-002,"The room service was delayed by two hours, and when they finally brought it, it wasn't what I ordered.",service_delay,qwen_synthetic_draft,3,qwen-generated draft; requires human review
qwen-service-delay-003,"I asked for an upgrade, but it took days to get through the process. It's frustrating.",service_delay,qwen_synthetic_draft,4,qwen-generated draft; requires human review
qwen-service-delay-004,The concierge service was unresponsive and couldn't help me with my booking issues.,service_delay,qwen_synthetic_draft,2,qwen-generated draft; requires human review
qwen-service-delay-005,"I had to wait for my luggage to be delivered, but it wasn't until the very last minute of my stay.",service_delay,qwen_synthetic_draft,3,qwen-generated draft; requires human review
qwen-service-delay-006,"The restaurant took forever to serve us, and our waiter kept disappearing without bringing food.",service_delay,qwen_synthetic_draft,2,qwen-generated draft; requires human review
qwen-service-delay-007,"I asked for a room service call, but they didn't come until after I had left the hotel.",service_delay,qwen_synthetic_draft,3,qwen-generated draft; requires human review
qwen-service-delay-008,"The front desk staff was slow to resolve an issue with my reservation, causing me to stay an extra night.",service_delay,qwen_synthetic_draft,4,qwen-generated draft; requires human review
qwen-service-delay-009,"I asked for a bed change due to a broken mattress, but it took over a week to get another room.",service_delay,qwen_synthetic_draft,2,qwen-generated draft; requires human review
qwen-service-delay-010,"The hotel's housekeeping service was delayed by two days, and my room remained dirty.",service_delay,qwen_synthetic_draft,3,qwen-generated draft; requires human review
qwen-service-delay-011,I had to wait for over an hour just to check in at the front desk due to a slow computer system.,service_delay,qwen_synthetic_draft,2,qwen-generated draft; requires human review
qwen-service-delay-012,"The hotel was completely booked, and we had to wait in line for nearly two hours to be seated at dinner.",service_delay,qwen_synthetic_draft,3,qwen-generated draft; requires human review
qwen-service-delay-013,"I called the housekeeping department multiple times on my first day, but no one responded until late that evening.",service_delay,qwen_synthetic_draft,2,qwen-generated draft; requires human review
qwen-service-delay-014,Our room service call went unanswered for almost an hour before we were finally connected to someone who could help us place an order.,service_delay,qwen_synthetic_draft,3,qwen-generated draft; requires human review
qwen-service-delay-015,"The concierge desk was closed for over two hours on our first morning, making it difficult to make important arrangements.",service_delay,qwen_synthetic_draft,2,qwen-generated draft; requires human review
qwen-service-delay-016,Our request to switch rooms was delayed for several days because the hotel manager was out of town.,service_delay,qwen_synthetic_draft,3,qwen-generated draft; requires human review
qwen-service-delay-017,"The spa department was understaffed, and our booking request had to wait until the following day due to a full schedule.",service_delay,qwen_synthetic_draft,2,qwen-generated draft; requires human review
qwen-service-delay-018,"We had to wait in line for over an hour at the restaurant, despite there being empty tables available outside.",service_delay,qwen_synthetic_draft,3,qwen-generated draft; requires human review
qwen-service-delay-019,"The hotel's customer service team was unresponsive during our stay, leading to several frustrating delays and issues.",service_delay,qwen_synthetic_draft,2,qwen-generated draft; requires human review
qwen-service-delay-020,Our request for room service was delayed by over an hour because the kitchen staff were running behind schedule.,service_delay,qwen_synthetic_draft,3,qwen-generated draft; requires human review
qwen-service-delay-021,I had to wait for over an hour at the front desk after my flight arrived. It was really frustrating.,service_delay,qwen_synthetic_draft,1,qwen-generated draft; requires human review
qwen-service-delay-022,The room service staff took twice as long as expected to bring my order. I was starting to worry about whether it was even coming.,service_delay,qwen_synthetic_draft,2,qwen-generated draft; requires human review
qwen-service-delay-023,"I asked for a glass of water at the pool, but nobody responded for almost half an hour. I ended up going somewhere else.",service_delay,qwen_synthetic_draft,3,qwen-generated draft; requires human review
qwen-service-delay-024,The concierge took forever to answer my inquiry about local restaurants. I left feeling disappointed.,service_delay,qwen_synthetic_draft,1,qwen-generated draft; requires human review
qwen-service-delay-025,"I had to wait for over an hour at the restaurant, and when we finally sat down, it took another 20 minutes just to be seated.",service_delay,qwen_synthetic_draft,2,qwen-generated draft; requires human review
qwen-service-delay-026,The bellhop was nowhere to be found when I asked for help with my luggage. It was a bit disorienting in such a busy place.,service_delay,qwen_synthetic_draft,3,qwen-generated draft; requires human review
qwen-service-delay-027,"I called the spa, but nobody answered for over an hour. I had to cancel my booking and find somewhere else.",service_delay,qwen_synthetic_draft,1,qwen-generated draft; requires human review
qwen-service-delay-028,The room service staff took forever to bring me a drink when I was feeling sick. It made things worse.,service_delay,qwen_synthetic_draft,2,qwen-generated draft; requires human review
qwen-service-delay-029,"I asked for assistance at the hotel store, but nobody responded for almost an hour. I had to leave without making any purchases.",service_delay,qwen_synthetic_draft,3,qwen-generated draft; requires human review
qwen-service-delay-030,The restaurant staff took twice as long as expected to bring my meal. It was a real disappointment.,service_delay,qwen_synthetic_draft,1,qwen-generated draft; requires human review
qwen-service-delay-031,I had to wait for over an hour just to check-in despite being checked in online. It's frustrating and shows a lack of organization.,service_delay,qwen_synthetic_draft,2,qwen-generated draft; requires human review
qwen-service-delay-032,"The room service was delayed by several hours, and when they finally arrived, the food wasn't even warm. This is unacceptable.",service_delay,qwen_synthetic_draft,3,qwen-generated draft; requires human review
qwen-service-delay-033,"I asked for help with my luggage at check-in, but nobody assisted me, so I had to wait an extra half hour to get it settled. It's really disappointing.",service_delay,qwen_synthetic_draft,2,qwen-generated draft; requires human review
qwen-service-delay-034,The restaurant was understaffed and slow to serve us. We waited in line for our food for over 30 minutes. This is a huge issue that needs addressing.,service_delay,qwen_synthetic_draft,4,qwen-generated draft; requires human review
qwen-service-delay-035,"I called room service multiple times, but they never responded. When I finally got someone on the phone, it was after an hour of waiting. This is unacceptable.",service_delay,qwen_synthetic_draft,2,qwen-generated draft; requires human review
qwen-service-delay-036,I had to wait for almost two hours in line for a shuttle service from the airport due to bad planning. It's really frustrating and affects my entire trip.,service_delay,qwen_synthetic_draft,3,qwen-generated draft; requires human review
qwen-service-delay-037,"The hotel staff was unhelpful when I asked about room changes. They didn't provide any assistance, so I had to stay an extra night at another hotel. This is a big inconvenience.",service_delay,qwen_synthetic_draft,2,qwen-generated draft; requires human review
qwen-service-delay-038,"I scheduled my laundry service online, but they never picked it up. I had to wait for two days before they finally came and picked it up. It's really disappointing.",service_delay,qwen_synthetic_draft,4,qwen-generated draft; requires human review
qwen-service-delay-039,"The concierge desk was understaffed, and when I asked about reservations, nobody responded until an hour later. This is a huge issue that needs fixing.",service_delay,qwen_synthetic_draft,2,qwen-generated draft; requires human review
qwen-service-delay-040,"I had to wait for over an hour at the front desk just to get my keycard, despite it being available online. It's really frustrating and shows a lack of organization.",service_delay,qwen_synthetic_draft,3,qwen-generated draft; requires human review
qwen-staff-behavior-001,The staff were very rude and unhelpful throughout my stay. They ignored our requests for assistance and left us feeling frustrated. I would never return to a hotel with such poor customer service.,staff_behavior,qwen_synthetic_draft,1,qwen-generated draft; requires human review
qwen-staff-behavior-002,"The front desk staff were incredibly friendly and efficient, making my check-in process quick and stress-free.",staff_behavior,qwen_synthetic_draft,5,qwen-generated draft; requires human review
qwen-staff-behavior-003,Our room was assigned to an unhelpful bellhop who refused to assist us with any requests. He seemed indifferent and did not care about our needs.,staff_behavior,qwen_synthetic_draft,2,qwen-generated draft; requires human review
qwen-staff-behavior-004,"The hotel staff were very helpful and accommodating, ensuring that we had everything we needed during our stay.",staff_behavior,qwen_synthetic_draft,4,qwen-generated draft; requires human review
qwen-staff-behavior-005,Our experience was negatively impacted by the attitude of the housekeeping staff. They arrived late and left without cleaning properly.,staff_behavior,qwen_synthetic_draft,3,qwen-generated draft; requires human review
qwen-staff-behavior-006,"The customer service at this hotel was outstanding, with all staff members being kind and professional throughout our visit.",staff_behavior,qwen_synthetic_draft,5,qwen-generated draft; requires human review
qwen-staff-behavior-007,The staff at the concierge desk were very helpful and provided excellent recommendations for local attractions and dining options.,staff_behavior,qwen_synthetic_draft,4,qwen-generated draft; requires human review
qwen-staff-behavior-008,"Our stay was marred by the incompetence of the maintenance team. They did not fix the leaky faucet promptly, leading to a wet room.",staff_behavior,qwen_synthetic_draft,2,qwen-generated draft; requires human review
qwen-staff-behavior-009,The hotel staff were exceptionally friendly and made us feel welcome during our brief stay. They exceeded expectations in every way.,staff_behavior,qwen_synthetic_draft,5,qwen-generated draft; requires human review
qwen-staff-behavior-010,Our dining experience was ruined by the unhelpful waiter who seemed more interested in his phone than in attending to our table.,staff_behavior,qwen_synthetic_draft,3,qwen-generated draft; requires human review
qwen-staff-behavior-011,The staff were incredibly helpful and friendly throughout my stay. They went above and beyond to make me feel welcome.,staff_behavior,qwen_synthetic_draft,5,qwen-generated draft; requires human review
qwen-staff-behavior-012,My experience with the hotel staff was very disappointing. They were unprofessional and冷漠.,staff_behavior,qwen_synthetic_draft,1,qwen-generated draft; requires human review
qwen-staff-behavior-013,The service from our room attendants was excellent. They promptly attended to all my requests without any delay.,staff_behavior,qwen_synthetic_draft,5,qwen-generated draft; requires human review
qwen-staff-behavior-014,"I had a terrible experience with the hotel staff. They were rude and unhelpful, which made my stay unpleasant.",staff_behavior,qwen_synthetic_draft,1,qwen-generated draft; requires human review
qwen-staff-behavior-015,The staff at our resort were very courteous and attentive. Their excellent service really enhanced my holiday experience.,staff_behavior,qwen_synthetic_draft,5,qwen-generated draft; requires human review
qwen-staff-behavior-016,I found the hotel staff to be unhelpful and unprofessional. They did not seem interested in assisting me with any issues I had.,staff_behavior,qwen_synthetic_draft,1,qwen-generated draft; requires human review
qwen-staff-behavior-017,Our stay at the hotel was ruined by the poor service from the staff. They were indifferent and made our visit stressful.,staff_behavior,qwen_synthetic_draft,1,qwen-generated draft; requires human review
qwen-staff-behavior-018,The hotel staff were incredibly kind and supportive during my difficult time. Their kindness made all the difference.,staff_behavior,qwen_synthetic_draft,5,qwen-generated draft; requires human review
qwen-staff-behavior-019,"I had a very bad experience with the hotel staff. They were unhelpful, disrespectful, and冷漠.",staff_behavior,qwen_synthetic_draft,1,qwen-generated draft; requires human review
qwen-staff-behavior-020,The service from the hotel staff was exceptional. They made sure all my needs were met efficiently and courteously.,staff_behavior,qwen_synthetic_draft,5,qwen-generated draft; requires human review
qwen-staff-behavior-021,The staff was extremely friendly and helpful throughout my stay.,staff_behavior,qwen_synthetic_draft,5,qwen-generated draft; requires human review
qwen-staff-behavior-022,I appreciated the attentiveness of the room service staff.,staff_behavior,qwen_synthetic_draft,4,qwen-generated draft; requires human review
qwen-staff-behavior-023,The housekeeping staff did a great job keeping our room clean and tidy.,staff_behavior,qwen_synthetic_draft,5,qwen-generated draft; requires human review
qwen-staff-behavior-024,The concierge was knowledgeable and went above and beyond to assist me.,staff_behavior,qwen_synthetic_draft,4,qwen-generated draft; requires human review
qwen-staff-behavior-025,The waiter was attentive and made sure I was comfortable during my dining experience.,staff_behavior,qwen_synthetic_draft,4,qwen-generated draft; requires human review
qwen-staff-behavior-026,I found the hotel staff to be courteous and professional at all times.,staff_behavior,qwen_synthetic_draft,5,qwen-generated draft; requires human review
qwen-staff-behavior-027,The receptionist was very friendly and helped me with my check-in process efficiently.,staff_behavior,qwen_synthetic_draft,4,qwen-generated draft; requires human review
qwen-staff-behavior-028,I must commend the staff for their excellent communication during our stay.,staff_behavior,qwen_synthetic_draft,5,qwen-generated draft; requires human review
qwen-staff-behavior-029,The hotel staff were genuinely enthusiastic and made our visit enjoyable.,staff_behavior,qwen_synthetic_draft,4,qwen-generated draft; requires human review
qwen-staff-behavior-030,"Despite a few minor issues, I was pleased with the overall service provided by the staff.",staff_behavior,qwen_synthetic_draft,3,qwen-generated draft; requires human review
qwen-staff-behavior-031,The staff was incredibly courteous and helped us settle in smoothly despite a last-minute change in plans. Their professionalism made the stay much more enjoyable.,staff_behavior,qwen_synthetic_draft,5,qwen-generated draft; requires human review
qwen-staff-behavior-032,"A bit too rushed, but still friendly. The staff tried to help quickly.",staff_behavior,qwen_synthetic_draft,3,qwen-generated draft; requires human review
qwen-staff-behavior-033,The room service staff were very helpful and brought our order exactly as we asked for it. They went above and beyond!,staff_behavior,qwen_synthetic_draft,4,qwen-generated draft; requires human review
qwen-staff-behavior-034,The housekeeping was prompt and did a great job cleaning the room. Very pleased with their efforts.,staff_behavior,qwen_synthetic_draft,5,qwen-generated draft; requires human review
qwen-staff-behavior-035,"A bit slow to respond, but once they got back to us, they were friendly and helpful. Good communication overall.",staff_behavior,qwen_synthetic_draft,3,qwen-generated draft; requires human review
qwen-staff-behavior-036,They went out of their way to make us feel welcome. The staff was attentive and responsive throughout our stay.,staff_behavior,qwen_synthetic_draft,4,qwen-generated draft; requires human review
qwen-staff-behavior-037,The receptionist was very courteous and made us feel at home right away. Their professionalism was excellent.,staff_behavior,qwen_synthetic_draft,5,qwen-generated draft; requires human review
qwen-staff-behavior-038,"A bit forgetful, but still friendly and helpful. We appreciate their effort to serve us.",staff_behavior,qwen_synthetic_draft,3,qwen-generated draft; requires human review
qwen-staff-behavior-039,The staff were quick to help with any issues we had. They communicated clearly and effectively.,staff_behavior,qwen_synthetic_draft,4,qwen-generated draft; requires human review
qwen-staff-behavior-040,"They made a small mistake, but quickly rectified it in a very professional manner. Good attitude despite the issue.",staff_behavior,qwen_synthetic_draft,4,qwen-generated draft; requires human review
qwen-noise-events-001,The hotel's constant party music is unbearable. I had to sleep with a earplugs.,noise_events,qwen_synthetic_draft,1,qwen-generated draft; requires human review
qwen-noise-events-002,I stayed during the city festival and it was loud all night. My sleep was ruined.,noise_events,qwen_synthetic_draft,2,qwen-generated draft; requires human review
qwen-noise-events-003,The construction noise from next door kept me awake. It's frustrating.,noise_events,qwen_synthetic_draft,3,qwen-generated draft; requires human review
qwen-noise-events-004,Crowd events in the lobby kept interrupting my peaceful stay. Very disruptive.,noise_events,qwen_synthetic_draft,1,qwen-generated draft; requires human review
qwen-noise-events-005,"Hotel staff played loud music during check-in, affecting all rooms nearby.",noise_events,qwen_synthetic_draft,2,qwen-generated draft; requires human review
qwen-noise-events-006,The hotel organized an event that spilled out into our room. It was a mess.,noise_events,qwen_synthetic_draft,3,qwen-generated draft; requires human review
qwen-noise-events-007,"Every night, the building below has loud construction noises. Sleep is impossible.",noise_events,qwen_synthetic_draft,1,qwen-generated draft; requires human review
qwen-noise-events-008,I had to leave early because the hotel's noise levels were too high.,noise_events,qwen_synthetic_draft,2,qwen-generated draft; requires human review
qwen-noise-events-009,Hotel events keep interrupting my relaxing vacation. It's so frustrating.,noise_events,qwen_synthetic_draft,3,qwen-generated draft; requires human review
qwen-noise-events-010,The building next door has constant music that keeps me awake at night.,noise_events,qwen_synthetic_draft,1,qwen-generated draft; requires human review
qwen-noise-events-011,"The hotel was quiet at first, but then construction next door started and it got really noisy.",noise_events,qwen_synthetic_draft,3,qwen-generated draft; requires human review
qwen-noise-events-012,My room had a constant hum from the neighbors' party all night long. It was unbearable.,noise_events,qwen_synthetic_draft,2,qwen-generated draft; requires human review
qwen-noise-events-013,"The hotel organized an outdoor event that played music late into the night, disturbing my sleep.",noise_events,qwen_synthetic_draft,3,qwen-generated draft; requires human review
qwen-noise-events-014,There were loud parties happening downstairs every Friday and Saturday. It's too noisy!,noise_events,qwen_synthetic_draft,2,qwen-generated draft; requires human review
qwen-noise-events-015,The hotel renovation caused a lot of noise and disruption. I had to stay elsewhere.,noise_events,qwen_synthetic_draft,1,qwen-generated draft; requires human review
qwen-noise-events-016,"Every morning, the street outside played loud music until late. It woke me up every time.",noise_events,qwen_synthetic_draft,2,qwen-generated draft; requires human review
qwen-noise-events-017,The hotel's fitness center was so noisy that it disturbed my sleep and work.,noise_events,qwen_synthetic_draft,3,qwen-generated draft; requires human review
qwen-noise-events-018,"Crowds at the reception area were loud, which made it hard to talk or listen to music.",noise_events,qwen_synthetic_draft,2,qwen-generated draft; requires human review
qwen-noise-events-019,"The construction next door was happening every day, and it was incredibly noisy.",noise_events,qwen_synthetic_draft,1,qwen-generated draft; requires human review
qwen-noise-events-020,Loud parties in the lounge disturbed my sleep on several nights. It's very frustrating.,noise_events,qwen_synthetic_draft,2,qwen-generated draft; requires human review
qwen-noise-events-021,I was woken up multiple times by construction noise in the middle of the night. This is unacceptable.,noise_events,qwen_synthetic_draft,1,qwen-generated draft; requires human review
qwen-noise-events-022,The loud music from the party next door kept me awake for hours and I had to ask the manager to help.,noise_events,qwen_synthetic_draft,2,qwen-generated draft; requires human review
qwen-noise-events-023,"There was a noisy event happening downstairs, which made it hard to sleep. The hotel should manage such events better.",noise_events,qwen_synthetic_draft,3,qwen-generated draft; requires human review
qwen-noise-events-024,The construction crew was very loud during my stay and disturbed my sleep several times.,noise_events,qwen_synthetic_draft,1,qwen-generated draft; requires human review
qwen-noise-events-025,Music from other guests' parties kept me awake at night. I had to ask for a room change.,noise_events,qwen_synthetic_draft,2,qwen-generated draft; requires human review
qwen-noise-events-026,"There were too many people in the hotel, which created a lot of noise and made it difficult to relax.",noise_events,qwen_synthetic_draft,4,qwen-generated draft; requires human review
qwen-noise-events-027,The event happening next door was extremely loud and kept me up all night. This should not happen at a hotel.,noise_events,qwen_synthetic_draft,1,qwen-generated draft; requires human review
qwen-noise-events-028,My room was near a construction site and I had to deal with constant noise during my stay.,noise_events,qwen_synthetic_draft,2,qwen-generated draft; requires human review
qwen-noise-events-029,"There was an event in the hotel that disrupted our sleep, which is unacceptable for a quality establishment.",noise_events,qwen_synthetic_draft,3,qwen-generated draft; requires human review
qwen-noise-events-030,The hotel should take better care of managing events that disturb other guests' sleep.,noise_events,qwen_synthetic_draft,4,qwen-generated draft; requires human review
qwen-noise-events-031,The hotel is far too noisy with construction happening right next door every night. It's impossible to sleep.,noise_events,qwen_synthetic_draft,1,qwen-generated draft; requires human review
qwen-noise-events-032,"I had a terrible experience due to constant music playing in the lobby late into the night, disrupting my sleep.",noise_events,qwen_synthetic_draft,2,qwen-generated draft; requires human review
qwen-noise-events-033,The hotel's noise policy was completely ignored by maintenance staff who were playing loud videos all day. It was unbearable.,noise_events,qwen_synthetic_draft,3,qwen-generated draft; requires human review
qwen-noise-events-034,"Every evening there's a big concert party happening on the rooftop, and it spills over into our room through the balcony doors.",noise_events,qwen_synthetic_draft,2,qwen-generated draft; requires human review
qwen-noise-events-035,Crowding at breakfast made it impossible to get a seat without disturbing my neighbors. It was really frustrating.,noise_events,qwen_synthetic_draft,4,qwen-generated draft; requires human review
qwen-noise-events-036,"The hotel is too noisy with construction equipment operating during the day, making it hard for me to relax.",noise_events,qwen_synthetic_draft,1,qwen-generated draft; requires human review
qwen-noise-events-037,I had a nightmare after hearing loud arguments happening in neighboring rooms throughout the night.,noise_events,qwen_synthetic_draft,3,qwen-generated draft; requires human review
qwen-noise-events-038,Music from parties downstairs was so loud that I had to move my furniture and carpeting to block it out. It was annoying.,noise_events,qwen_synthetic_draft,4,qwen-generated draft; requires human review
qwen-noise-events-039,"There's an event center next door that hosts concerts and talks, but it's far too close for comfort. The noise is constant.",noise_events,qwen_synthetic_draft,2,qwen-generated draft; requires human review
qwen-noise-events-040,I couldn't get a good night's sleep because of the construction happening in the basement all day long. It was terrible.,noise_events,qwen_synthetic_draft,1,qwen-generated draft; requires human review
qwen-pricing-value-001,I was disappointed with the value for money. The room was basic and the service slow.,pricing_value,qwen_synthetic_draft,2,qwen-generated draft; requires human review
qwen-pricing-value-002,"The prices were unexpectedly high, especially considering the location and amenities.",pricing_value,qwen_synthetic_draft,3,qwen-generated draft; requires human review
qwen-pricing-value-003,The billing process was confusing and seemed to include hidden fees that weren't clearly stated.,pricing_value,qwen_synthetic_draft,4,qwen-generated draft; requires human review
qwen-pricing-value-004,I felt like I was being overcharged for a simple room stay. The value just didn't match the cost.,pricing_value,qwen_synthetic_draft,1,qwen-generated draft; requires human review
qwen-pricing-value-005,"While the location was great, the room price was too high considering what it offered. Not worth it.",pricing_value,qwen_synthetic_draft,2,qwen-generated draft; requires human review
qwen-pricing-value-006,The value for my booking was very low. The room and services did not justify the price.,pricing_value,qwen_synthetic_draft,3,qwen-generated draft; requires human review
qwen-pricing-value-007,"I had to pay extra for breakfast and Wi-Fi, which made the overall cost feel unfair.",pricing_value,qwen_synthetic_draft,4,qwen-generated draft; requires human review
qwen-pricing-value-008,The room was decent but the value was poor. It felt like I could have gotten a better deal somewhere else.,pricing_value,qwen_synthetic_draft,1,qwen-generated draft; requires human review
qwen-pricing-value-009,"While the amenities were good, the pricing did not reflect their quality. Not recommended for its price.",pricing_value,qwen_synthetic_draft,2,qwen-generated draft; requires human review
qwen-pricing-value-010,I expected better value for my money. The room and services didn't meet my expectations regarding cost.,pricing_value,qwen_synthetic_draft,3,qwen-generated draft; requires human review
qwen-pricing-value-011,The room was lovely but the value for money left much to be desired.,pricing_value,qwen_synthetic_draft,2,qwen-generated draft; requires human review
qwen-pricing-value-012,"I expected a better price for such a nice hotel, and I feel it wasn't worth it.",pricing_value,qwen_synthetic_draft,3,qwen-generated draft; requires human review
qwen-pricing-value-013,The cost was surprisingly high for what we got. It feels like we didn't receive the value for our money.,pricing_value,qwen_synthetic_draft,1,qwen-generated draft; requires human review
qwen-pricing-value-014,"While the stay itself was great, I feel the pricing wasn't justified by the quality received.",pricing_value,qwen_synthetic_draft,2,qwen-generated draft; requires human review
qwen-pricing-value-015,"I thought I was getting a better deal, but the cost ended up being more than expected. Not worth it.",pricing_value,qwen_synthetic_draft,3,qwen-generated draft; requires human review
qwen-pricing-value-016,The hotel seemed cheap but the room and service were surprisingly good. The value was high!,pricing_value,qwen_synthetic_draft,4,qwen-generated draft; requires human review
qwen-pricing-value-017,I feel like I overpaid for a basic hotel stay. There's no value in this price.,pricing_value,qwen_synthetic_draft,1,qwen-generated draft; requires human review
qwen-pricing-value-018,The room was nice but the prices were through the roof. It felt like we wasted money.,pricing_value,qwen_synthetic_draft,2,qwen-generated draft; requires human review
qwen-pricing-value-019,I expected a more affordable price for a hotel of this quality. The value for money is lacking.,pricing_value,qwen_synthetic_draft,3,qwen-generated draft; requires human review
qwen-pricing-value-020,"While the location and amenities were good, the pricing was not fair compared to other hotels in the area.",pricing_value,qwen_synthetic_draft,2,qwen-generated draft; requires human review
qwen-pricing-value-021,I'm disappointed with the pricing of our stay. We booked a premium room but felt we were overcharged.,pricing_value,qwen_synthetic_draft,3,qwen-generated draft; requires human review
qwen-pricing-value-022,The value for money is very poor at this hotel. The amenities do not justify the high price tag.,pricing_value,qwen_synthetic_draft,2,qwen-generated draft; requires human review
qwen-pricing-value-023,I feel like I'm getting a raw deal here. The room was clean but everything else felt expensive.,pricing_value,qwen_synthetic_draft,3,qwen-generated draft; requires human review
qwen-pricing-value-024,"The billing process was confusing and lengthy, which added to our frustration with the overall value of our stay.",pricing_value,qwen_synthetic_draft,2,qwen-generated draft; requires human review
qwen-pricing-value-025,I expected a luxury hotel but found the price-to-quality ratio disappointing.,pricing_value,qwen_synthetic_draft,3,qwen-generated draft; requires human review
qwen-pricing-value-026,The room was basic and did not meet my expectations for the price paid. Value for money is lacking.,pricing_value,qwen_synthetic_draft,2,qwen-generated draft; requires human review
qwen-pricing-value-027,We felt like we were scammed by the pricing at this hotel. Everything was overpriced.,pricing_value,qwen_synthetic_draft,1,qwen-generated draft; requires human review
qwen-pricing-value-028,The value of our stay was compromised due to hidden fees and expensive extras. We are regretting our choice.,pricing_value,qwen_synthetic_draft,2,qwen-generated draft; requires human review
qwen-pricing-value-029,I feel like the hotel is trying to take advantage of us with its pricing strategy. The perceived value is low.,pricing_value,qwen_synthetic_draft,3,qwen-generated draft; requires human review
qwen-pricing-value-030,"We were told this would be a great deal, but the final price was way too high for what we got.",pricing_value,qwen_synthetic_draft,2,qwen-generated draft; requires human review
qwen-pricing-value-031,I was disappointed with the pricing as it felt very high for what I received.,pricing_value,qwen_synthetic_draft,3,qwen-generated draft; requires human review
qwen-pricing-value-032,The value for money at this hotel is questionable given the amenities and services provided.,pricing_value,qwen_synthetic_draft,2,qwen-generated draft; requires human review
qwen-pricing-value-033,"I expected a better experience for the price paid, as it feels like I'm getting less than advertised.",pricing_value,qwen_synthetic_draft,4,qwen-generated draft; requires human review
qwen-pricing-value-034,"The pricing was surprisingly low, which made me feel like I got a great deal.",pricing_value,qwen_synthetic_draft,5,qwen-generated draft; requires human review
qwen-pricing-value-035,"The room itself wasn't bad, but the value of the extra amenities charged separately was not worth it.",pricing_value,qwen_synthetic_draft,3,qwen-generated draft; requires human review
qwen-pricing-value-036,I feel that my stay was underpriced for the quality and services received.,pricing_value,qwen_synthetic_draft,2,qwen-generated draft; requires human review
qwen-pricing-value-037,"Despite being highly satisfied with the service, the price felt too steep for what I got.",pricing_value,qwen_synthetic_draft,4,qwen-generated draft; requires human review
qwen-pricing-value-038,"The pricing structure was confusing and not transparent, which made me feel like I wasn't getting a fair deal.",pricing_value,qwen_synthetic_draft,1,qwen-generated draft; requires human review
qwen-pricing-value-039,The value of my booking seemed to be on the lower side compared to other hotels in the area.,pricing_value,qwen_synthetic_draft,3,qwen-generated draft; requires human review
qwen-pricing-value-040,I feel like I'm paying too much for the amenities provided at this hotel.,pricing_value,qwen_synthetic_draft,2,qwen-generated draft; requires human review
qwen-booking-checkin-001,I was very disappointed when I arrived and found out the check-in process took twice as long as it should have. The staff was rushed and unfriendly. I felt my reservation was mishandled.,booking_checkin,qwen_synthetic_draft,2,qwen-generated draft; requires human review
qwen-booking-checkin-002,"The check-in was smooth and efficient. My room was ready upon arrival, and the staff were very helpful and friendly. It was a great start to my stay.",booking_checkin,qwen_synthetic_draft,4,qwen-generated draft; requires human review
qwen-booking-checkin-003,"I had trouble finding my room when I checked in. The staff couldn't seem to help me locate it quickly, and it was frustrating.",booking_checkin,qwen_synthetic_draft,3,qwen-generated draft; requires human review
qwen-booking-checkin-004,The check-in process was quick and painless. The hotel even offered an upgrade for free because of the delay! A great experience overall.,booking_checkin,qwen_synthetic_draft,5,qwen-generated draft; requires human review
qwen-booking-checkin-005,"I had a reservation but forgot to make an extra deposit. When I arrived, they refused to let me check in without it. It's disappointing that such a small detail could cause issues.",booking_checkin,qwen_synthetic_draft,1,qwen-generated draft; requires human review
qwen-booking-checkin-006,"The hotel provided excellent check-in service. My room was ready when I arrived, and the staff were very friendly and helpful. It was a great start to my stay.",booking_checkin,qwen_synthetic_draft,5,qwen-generated draft; requires human review
qwen-booking-checkin-007,I had trouble checking in because of last-minute changes to my reservation. The hotel helped me reschedule quickly but the process was stressful.,booking_checkin,qwen_synthetic_draft,3,qwen-generated draft; requires human review
qwen-booking-checkin-008,"The check-in was quick and smooth. My room was spotless, and the staff were friendly and accommodating. It was a pleasant experience overall.",booking_checkin,qwen_synthetic_draft,4,qwen-generated draft; requires human review
qwen-booking-checkin-009,"I had to wait for a long time in line to check in, which affected my arrival time. The hotel couldn't understand why it was an issue, but they did offer me a room upgrade for free.",booking_checkin,qwen_synthetic_draft,3,qwen-generated draft; requires human review
qwen-booking-checkin-010,The check-in process was efficient and the staff were friendly and helpful. I left feeling satisfied with my stay and looking forward to returning soon.,booking_checkin,qwen_synthetic_draft,5,qwen-generated draft; requires human review
qwen-booking-checkin-011,The hotel was a bit chaotic when I checked in. The staff seemed busy and didn't have time to help me find my room.,booking_checkin,qwen_synthetic_draft,2,qwen-generated draft; requires human review
qwen-booking-checkin-012,"I had to wait for over an hour to check in, which is unacceptable for such a high-end hotel.",booking_checkin,qwen_synthetic_draft,1,qwen-generated draft; requires human review
qwen-booking-checkin-013,Everything went smoothly with the booking process and the check-in was quick and efficient.,booking_checkin,qwen_synthetic_draft,5,qwen-generated draft; requires human review
qwen-booking-checkin-014,The staff were very accommodating and made sure I felt welcome right from the start.,booking_checkin,qwen_synthetic_draft,4,qwen-generated draft; requires human review
qwen-booking-checkin-015,"I had to cancel my reservation last minute, but the process of getting a refund was handled quickly and without hassle.",booking_checkin,qwen_synthetic_draft,3,qwen-generated draft; requires human review
qwen-booking-checkin-016,The hotel check-in process took longer than expected due to high demand during the holiday season.,booking_checkin,qwen_synthetic_draft,2,qwen-generated draft; requires human review
qwen-booking-checkin-017,My check-in experience was absolutely fantastic. The staff were friendly and went above and beyond to make me feel at home.,booking_checkin,qwen_synthetic_draft,5,qwen-generated draft; requires human review
qwen-booking-checkin-018,"I had some issues with my booking that caused a bit of stress, but I appreciate how quickly you helped resolve it.",booking_checkin,qwen_synthetic_draft,3,qwen-generated draft; requires human review
qwen-booking-checkin-019,"The hotel's check-in process is seamless and efficient, which is a huge plus for me as a frequent traveler.",booking_checkin,qwen_synthetic_draft,4,qwen-generated draft; requires human review
qwen-booking-checkin-020,"I had a minor issue with the booking confirmation email, but once I got in touch with your support team, they resolved it quickly.",booking_checkin,qwen_synthetic_draft,3,qwen-generated draft; requires human review
qwen-booking-checkin-021,"I was quite disappointed when I arrived and found out that my room key was misplaced. They said it would take at least an hour to locate it. The staff seemed very busy and disorganized, which added to the frustration.",booking_checkin,qwen_synthetic_draft,2,qwen-generated draft; requires human review
qwen-booking-checkin-022,"The check-in process was smooth and efficient. My reservation was confirmed without any delays, and I received a confirmation email shortly after my booking.",booking_checkin,qwen_synthetic_draft,4,qwen-generated draft; requires human review
qwen-booking-checkin-023,"I made an early reservation and arrived at the hotel expecting everything to be perfect. However, when I checked in, they had misprinted my name on the door. It took them 15 minutes to correct it, which was very inconvenient.",booking_checkin,qwen_synthetic_draft,3,qwen-generated draft; requires human review
qwen-booking-checkin-024,The hotel's front desk staff were extremely helpful and made sure that my check-in went smoothly. They even offered an upgrade to a better room for free since there was no vacancy in my preferred one.,booking_checkin,qwen_synthetic_draft,5,qwen-generated draft; requires human review
qwen-booking-checkin-025,"I had to check out on short notice due to a family emergency, and the hotel accommodated me with ease. My room key was ready and waiting when I arrived, and they even helped me get my luggage packed.",booking_checkin,qwen_synthetic_draft,4,qwen-generated draft; requires human review
qwen-booking-checkin-026,"My reservation was accidentally canceled at the last minute, but I received a full refund within 24 hours of notifying them. The hotel's customer service was prompt and professional in dealing with the situation.",booking_checkin,qwen_synthetic_draft,3,qwen-generated draft; requires human review
qwen-booking-checkin-027,"I checked out late because there was an unexpected delay at my previous destination. However, they were very accommodating and allowed me to stay until I could catch a taxi back home. No extra charges applied.",booking_checkin,qwen_synthetic_draft,5,qwen-generated draft; requires human review
qwen-booking-checkin-028,"The hotel's check-in procedure was quite lengthy, and the front desk staff seemed overwhelmed with multiple guests checking in simultaneously. It took about an hour for my reservation to be confirmed, which was not ideal.",booking_checkin,qwen_synthetic_draft,2,qwen-generated draft; requires human review
qwen-booking-checkin-029,I had a great experience with their front desk team during my check-in. They were very friendly and made sure everything went smoothly. I even received some personalized recommendations on nearby restaurants.,booking_checkin,qwen_synthetic_draft,4,qwen-generated draft; requires human review
qwen-booking-checkin-030,"My reservation was confirmed, but there was a mix-up with the room type. It took them a while to rectify the situation, and I had to wait an additional night at no extra charge.",booking_checkin,qwen_synthetic_draft,3,qwen-generated draft; requires human review
qwen-booking-checkin-031,I received a text message saying my room was ready at 10 AM when it should have been 2 PM.,booking_checkin,qwen_synthetic_draft,2,qwen-generated draft; requires human review
qwen-booking-checkin-032,"The staff were very friendly and helped me find a nearby restaurant, but they made an error with my reservation date.",booking_checkin,qwen_synthetic_draft,3,qwen-generated draft; requires human review
qwen-booking-checkin-033,I had to wait for over an hour after check-in due to the front desk being overloaded. It was frustrating.,booking_checkin,qwen_synthetic_draft,2,qwen-generated draft; requires human review
qwen-booking-checkin-034,My deposit wasn't refunded when I canceled my reservation last minute. That's unacceptable.,booking_checkin,qwen_synthetic_draft,1,qwen-generated draft; requires human review
qwen-booking-checkin-035,The payment for my booking was charged twice by mistake. I had to call customer service to get it sorted out.,booking_checkin,qwen_synthetic_draft,2,qwen-generated draft; requires human review
qwen-booking-checkin-036,"When I checked in, the staff said my room key was ready but they couldn't find it anywhere.",booking_checkin,qwen_synthetic_draft,3,qwen-generated draft; requires human review
qwen-booking-checkin-037,I had to cancel my reservation at the last minute because of a family emergency. My deposit wasn't returned in full.,booking_checkin,qwen_synthetic_draft,1,qwen-generated draft; requires human review
qwen-booking-checkin-038,"The check-in process was smooth, but I realized too late that I needed an extra bed for my family.",booking_checkin,qwen_synthetic_draft,4,qwen-generated draft; requires human review
qwen-booking-checkin-039,I had to wait a long time at the front desk due to their slow computer system. It was really frustrating.,booking_checkin,qwen_synthetic_draft,2,qwen-generated draft; requires human review
qwen-booking-checkin-040,"The staff were very helpful, but there was a mix-up with my reservation date, and I missed my flight.",booking_checkin,qwen_synthetic_draft,1,qwen-generated draft; requires human review
qwen-amenities-facilities-001,"The hotel lacked a proper pool area, which was disappointing.",amenities_facilities,qwen_synthetic_draft,2,qwen-generated draft; requires human review
qwen-amenities-facilities-002,"I had to walk far from my room to reach the gym, and it didn't have any basic equipment.",amenities_facilities,qwen_synthetic_draft,3,qwen-generated draft; requires human review
qwen-amenities-facilities-003,The spa services were mediocre at best. The masseuses weren't skilled enough.,amenities_facilities,qwen_synthetic_draft,4,qwen-generated draft; requires human review
qwen-amenities-facilities-004,Free Wi-Fi was available but extremely slow and unreliable throughout the hotel.,amenities_facilities,qwen_synthetic_draft,2,qwen-generated draft; requires human review
qwen-amenities-facilities-005,"Parking was limited, making it hard to find a spot close to the rooms.",amenities_facilities,qwen_synthetic_draft,3,qwen-generated draft; requires human review
qwen-amenities-facilities-006,The elevators were slow and occasionally broke down during peak times.,amenities_facilities,qwen_synthetic_draft,4,qwen-generated draft; requires human review
qwen-amenities-facilities-007,I had to pay extra for basic amenities like toiletries in the room.,amenities_facilities,qwen_synthetic_draft,2,qwen-generated draft; requires human review
qwen-amenities-facilities-008,The hotel's restaurant was far from what I expected. It lacked many popular dishes.,amenities_facilities,qwen_synthetic_draft,3,qwen-generated draft; requires human review
qwen-amenities-facilities-009,"Amenities were scattered and not well-organized, making them difficult to find.",amenities_facilities,qwen_synthetic_draft,4,qwen-generated draft; requires human review
qwen-amenities-facilities-010,The fitness center had outdated equipment that didn't meet my needs.,amenities_facilities,qwen_synthetic_draft,2,qwen-generated draft; requires human review
qwen-amenities-facilities-011,"The hotel's pool was my absolute favorite feature, and I spent most of my stay lounging there on a sunny day. The water was clear, the views were stunning, and the staff was always nearby to ensure everyone had a great time.",amenities_facilities,qwen_synthetic_draft,5,qwen-generated draft; requires human review
qwen-amenities-facilities-012,"The gym at this hotel is surprisingly good for an economy resort. It's clean, well-equipped, and offers a decent selection of classes that are both affordable and effective.",amenities_facilities,qwen_synthetic_draft,4,qwen-generated draft; requires human review
qwen-amenities-facilities-013,"The spa at the hotel is fantastic! I received a massage there last week, and it was incredibly relaxing and rejuvenating. Highly recommend this place for anyone looking to unwind after a long day.",amenities_facilities,qwen_synthetic_draft,5,qwen-generated draft; requires human review
qwen-amenities-facilities-014,"Wi-Fi in the rooms was surprisingly slow, which made my online work from home experience difficult. If they can improve their internet service, I would definitely stay here again.",amenities_facilities,qwen_synthetic_draft,3,qwen-generated draft; requires human review
qwen-amenities-facilities-015,The hotel's parking facility is conveniently located and well-maintained. The staff were friendly and efficient with handling any issues we had.,amenities_facilities,qwen_synthetic_draft,4,qwen-generated draft; requires human review
qwen-amenities-facilities-016,Lifts in the hotel are relatively slow and not as quiet as they could be. This was a bit annoying when I needed to move around quickly during my stay.,amenities_facilities,qwen_synthetic_draft,2,qwen-generated draft; requires human review
qwen-amenities-facilities-017,"The hotel has an excellent selection of dining options, including both indoor and outdoor seating areas. The food is always delicious and well-presented.",amenities_facilities,qwen_synthetic_draft,5,qwen-generated draft; requires human review
qwen-amenities-facilities-018,The hotel's swimming pool area is pretty basic. There are no fancy features or amenities to make it stand out from other hotels in the area.,amenities_facilities,qwen_synthetic_draft,2,qwen-generated draft; requires human review
qwen-amenities-facilities-019,"The gym at this resort is quite limited. It has a selection of machines, but there are few free weights and not many cardio options. It felt a bit outdated compared to more upscale hotels.",amenities_facilities,qwen_synthetic_draft,3,qwen-generated draft; requires human review
qwen-amenities-facilities-020,"I was pleasantly surprised by the quality of the hotel's spa. The massage therapist I had was very skilled and attentive. Overall, it was one of my favorite parts of my stay.",amenities_facilities,qwen_synthetic_draft,4,qwen-generated draft; requires human review
qwen-amenities-facilities-021,"The hotel's gym was very outdated and poorly maintained. The equipment was in good condition, but the cleanliness was lacking.",amenities_facilities,qwen_synthetic_draft,2,qwen-generated draft; requires human review
qwen-amenities-facilities-022,"I stayed at this hotel last year and didn't have much to say about the amenities. The pool wasn't as big or clean as I remember, and the spa felt rushed during my visit.",amenities_facilities,qwen_synthetic_draft,3,qwen-generated draft; requires human review
qwen-amenities-facilities-023,The hotel's Wi-Fi was slow and not always reliable. It really impacted my productivity while working remotely.,amenities_facilities,qwen_synthetic_draft,2,qwen-generated draft; requires human review
qwen-amenities-facilities-024,"I appreciate that the hotel offers free parking, but it is located far from the main entrance which makes it inconvenient.",amenities_facilities,qwen_synthetic_draft,3,qwen-generated draft; requires human review
qwen-amenities-facilities-025,The hotel has a great selection of amenities for guests. The pool and spa were clean and well-maintained.,amenities_facilities,qwen_synthetic_draft,4,qwen-generated draft; requires human review
qwen-amenities-facilities-026,I'm disappointed with the lack of parking options at this hotel. It's frustrating to have to look for alternative places nearby.,amenities_facilities,qwen_synthetic_draft,2,qwen-generated draft; requires human review
qwen-amenities-facilities-027,"The hotel provides complimentary Wi-Fi, which is nice, but it's not very fast or stable.",amenities_facilities,qwen_synthetic_draft,3,qwen-generated draft; requires human review
qwen-amenities-facilities-028,I had a great time at this hotel and especially enjoyed the fitness center. The staff was friendly and helpful.,amenities_facilities,qwen_synthetic_draft,5,qwen-generated draft; requires human review
qwen-amenities-facilities-029,"The hotel offers a variety of amenities, including a rooftop bar with a stunning view. The pool area is spacious and well-maintained.",amenities_facilities,qwen_synthetic_draft,4,qwen-generated draft; requires human review
qwen-amenities-facilities-030,I'm not very impressed with the hotel's gym facilities. The equipment is old and doesn't look like it gets much use.,amenities_facilities,qwen_synthetic_draft,2,qwen-generated draft; requires human review
qwen-amenities-facilities-031,The hotel's pool is my favorite feature! It's clean and has plenty of space for everyone to swim and sunbathe.,amenities_facilities,qwen_synthetic_draft,4,qwen-generated draft; requires human review
qwen-amenities-facilities-032,"I enjoyed using the gym in the morning before breakfast. The equipment was in good condition, and the staff were very helpful.",amenities_facilities,qwen_synthetic_draft,5,qwen-generated draft; requires human review
qwen-amenities-facilities-033,"The spa treatment was relaxing, but unfortunately, it wasn't as luxurious as I had hoped for.",amenities_facilities,qwen_synthetic_draft,3,qwen-generated draft; requires human review
qwen-amenities-facilities-034,"The hotel provides free Wi-Fi, which is great for working during our business trip. It's very fast and reliable.",amenities_facilities,qwen_synthetic_draft,4,qwen-generated draft; requires human review
qwen-amenities-facilities-035,Parking was a breeze. The lot was conveniently located near the front of the building and well-lit.,amenities_facilities,qwen_synthetic_draft,5,qwen-generated draft; requires human review
qwen-amenities-facilities-036,"The hotel doesn't have an elevator, which made it challenging to access higher floors for guests with mobility issues.",amenities_facilities,qwen_synthetic_draft,2,qwen-generated draft; requires human review
qwen-amenities-facilities-037,"The amenities at the resort are extensive. The beach, tennis court, and conference center were all top-notch.",amenities_facilities,qwen_synthetic_draft,5,qwen-generated draft; requires human review
qwen-amenities-facilities-038,"I had to cancel my reservation last minute due to heavy rain. They provided an alternative room and breakfast, which was thoughtful of them.",amenities_facilities,qwen_synthetic_draft,4,qwen-generated draft; requires human review
qwen-amenities-facilities-039,The hotel's fitness center is small but functional. It has all the essential equipment for a basic workout routine.,amenities_facilities,qwen_synthetic_draft,3,qwen-generated draft; requires human review
qwen-amenities-facilities-040,"I stayed at this hotel during my honeymoon, and I loved the spa treatments and romantic dinner in the restaurant.",amenities_facilities,qwen_synthetic_draft,5,qwen-generated draft; requires human review
qwen-positive-general-001,The hotel exceeded my expectations. The staff was friendly and accommodating.,positive_general,qwen_synthetic_draft,5,qwen-generated draft; requires human review
qwen-positive-general-002,I had a wonderful stay at this hotel. Everything went smoothly from check-in to check-out.,positive_general,qwen_synthetic_draft,4,qwen-generated draft; requires human review
qwen-positive-general-003,"The room was clean, comfortable, and exactly what I expected.",positive_general,qwen_synthetic_draft,3,qwen-generated draft; requires human review
qwen-positive-general-004,"The location is great, right in the heart of the city. It's a perfect place for a business trip.",positive_general,qwen_synthetic_draft,5,qwen-generated draft; requires human review
qwen-positive-general-005,The hotel offers fantastic amenities that made my stay truly memorable.,positive_general,qwen_synthetic_draft,4,qwen-generated draft; requires human review
qwen-positive-general-006,I appreciate the attention to detail in how the hotel was set up. It felt like a home away from home.,positive_general,qwen_synthetic_draft,5,qwen-generated draft; requires human review
qwen-positive-general-007,"The service at this hotel is exceptional, and I will definitely return soon.",positive_general,qwen_synthetic_draft,4,qwen-generated draft; requires human review
qwen-positive-general-008,The room was spacious and well-organized. The bed was comfortable and the bathroom modern.,positive_general,qwen_synthetic_draft,3,qwen-generated draft; requires human review
qwen-positive-general-009,The hotel's location makes it easy to explore the city during my stay.,positive_general,qwen_synthetic_draft,4,qwen-generated draft; requires human review
qwen-positive-general-010,I am very happy with my experience at this hotel. It surpassed all my expectations.,positive_general,qwen_synthetic_draft,5,qwen-generated draft; requires human review
qwen-positive-general-011,"The hotel was absolutely delightful! The room was spacious and clean, the staff were friendly and accommodating.",positive_general,qwen_synthetic_draft,5,qwen-generated draft; requires human review
qwen-positive-general-012,"Had an excellent stay. Great location, wonderful service, and delicious food.",positive_general,qwen_synthetic_draft,4,qwen-generated draft; requires human review
qwen-positive-general-013,I couldn't have asked for a better experience. The hotel exceeded my expectations in every way.,positive_general,qwen_synthetic_draft,5,qwen-generated draft; requires human review
qwen-positive-general-014,"This place was fantastic! The amenities were impressive, and the customer service was top-notch.",positive_general,qwen_synthetic_draft,5,qwen-generated draft; requires human review
qwen-positive-general-015,The hotel is wonderful. The staff went above and beyond to make our stay enjoyable.,positive_general,qwen_synthetic_draft,4,qwen-generated draft; requires human review
qwen-positive-general-016,"We had a great time here. The room was clean and comfortable, and the surrounding area was lovely.",positive_general,qwen_synthetic_draft,5,qwen-generated draft; requires human review
qwen-positive-general-017,Excellent value for money. The hotel was beautiful inside and out.,positive_general,qwen_synthetic_draft,4,qwen-generated draft; requires human review
qwen-positive-general-018,"The stay was pleasant from start to finish. Everything worked smoothly, and we felt at home.",positive_general,qwen_synthetic_draft,5,qwen-generated draft; requires human review
qwen-positive-general-019,I thoroughly enjoyed my visit here. The hotel staff were very helpful and kind.,positive_general,qwen_synthetic_draft,5,qwen-generated draft; requires human review
qwen-positive-general-020,The hotel is lovely! We had a wonderful time and will definitely return soon.,positive_general,qwen_synthetic_draft,5,qwen-generated draft; requires human review
qwen-positive-general-021,"The hotel exceeded all of our expectations. The staff were friendly and helpful, making our stay truly memorable.",positive_general,qwen_synthetic_draft,5,qwen-generated draft; requires human review
qwen-positive-general-022,"We thoroughly enjoyed our stay. The rooms were clean, comfortable, and well-equipped. The location was perfect for our needs.",positive_general,qwen_synthetic_draft,4,qwen-generated draft; requires human review
qwen-positive-general-023,"The hotel's amenities were top-notch, including a great restaurant and fitness center. We had an excellent time!",positive_general,qwen_synthetic_draft,5,qwen-generated draft; requires human review
qwen-positive-general-024,"Our experience at the hotel was exceptional. The service was prompt and professional, and the rooms were spotless.",positive_general,qwen_synthetic_draft,5,qwen-generated draft; requires human review
qwen-positive-general-025,"We were very pleased with our stay. The room was beautifully decorated, and the breakfast was delicious.",positive_general,qwen_synthetic_draft,4,qwen-generated draft; requires human review
qwen-positive-general-026,The hotel staff went above and beyond to ensure our comfort and satisfaction during our visit. We highly recommend it!,positive_general,qwen_synthetic_draft,5,qwen-generated draft; requires human review
qwen-positive-general-027,"Our stay at the hotel was fantastic. Everything about it was excellent, from the location to the service.",positive_general,qwen_synthetic_draft,5,qwen-generated draft; requires human review
qwen-positive-general-028,We had a wonderful time at the hotel. The rooms were luxurious and the staff were very kind.,positive_general,qwen_synthetic_draft,4,qwen-generated draft; requires human review
qwen-positive-general-029,The hotel's location made our stay perfect. We loved walking around the area and exploring nearby attractions.,positive_general,qwen_synthetic_draft,5,qwen-generated draft; requires human review
qwen-positive-general-030,"We found everything about our stay to be exceptional. From the cleanliness of the rooms to the quality of service, it was top-notch.",positive_general,qwen_synthetic_draft,5,qwen-generated draft; requires human review
qwen-positive-general-031,The hotel was absolutely delightful. The staff were friendly and helpful throughout my stay.,positive_general,qwen_synthetic_draft,5,qwen-generated draft; requires human review
qwen-positive-general-032,"I had a fantastic time at this hotel! The room was spacious and comfortable, with great views.",positive_general,qwen_synthetic_draft,5,qwen-generated draft; requires human review
qwen-positive-general-033,The service at this hotel exceeded all expectations. The food was delicious and the drinks were on point.,positive_general,qwen_synthetic_draft,4,qwen-generated draft; requires human review
qwen-positive-general-034,I was thoroughly impressed with my stay at this hotel. Everything was top-notch from start to finish.,positive_general,qwen_synthetic_draft,5,qwen-generated draft; requires human review
qwen-positive-general-035,This hotel is a must-visit! The amenities were impressive and the overall experience was great.,positive_general,qwen_synthetic_draft,4,qwen-generated draft; requires human review
qwen-positive-general-036,I had an excellent stay at this hotel. The cleanliness of the rooms and public areas was outstanding.,positive_general,qwen_synthetic_draft,5,qwen-generated draft; requires human review
qwen-positive-general-037,This hotel made my trip a real pleasure. The location was perfect for exploring the city.,positive_general,qwen_synthetic_draft,4,qwen-generated draft; requires human review
qwen-positive-general-038,I am very satisfied with my stay at this hotel. The staff were attentive and made me feel welcome.,positive_general,qwen_synthetic_draft,5,qwen-generated draft; requires human review
qwen-positive-general-039,The hotel was impressive. The room was comfortable and the breakfast was delicious.,positive_general,qwen_synthetic_draft,4,qwen-generated draft; requires human review
qwen-positive-general-040,I had an amazing time at this hotel! Everything about my stay was perfect.,positive_general,qwen_synthetic_draft,5,qwen-generated draft; requires human review
qwen-other-uncategorized-001,The hotel's WiFi was very slow and kept disconnecting. It made my work-from-home experience a nightmare.,other_uncategorized,qwen_synthetic_draft,2,qwen-generated draft; requires human review
qwen-other-uncategorized-002,I found the concierge to be unhelpful and unresponsive to my requests.,other_uncategorized,qwen_synthetic_draft,1,qwen-generated draft; requires human review
qwen-other-uncategorized-003,The room smelled strongly of something unpleasant. I couldn't get rid of it no matter how many cleaning attempts I made.,other_uncategorized,qwen_synthetic_draft,3,qwen-generated draft; requires human review
qwen-other-uncategorized-004,"The breakfast buffet was mediocre at best, with a lack of options and little variety.",other_uncategorized,qwen_synthetic_draft,2,qwen-generated draft; requires human review
qwen-other-uncategorized-005,I had to wait for over an hour in the lobby before being seated at a restaurant. It was frustrating.,other_uncategorized,qwen_synthetic_draft,1,qwen-generated draft; requires human review
qwen-other-uncategorized-006,There were loud parties happening just outside my room window during my stay. The noise disturbed my sleep.,other_uncategorized,qwen_synthetic_draft,3,qwen-generated draft; requires human review
qwen-other-uncategorized-007,"The hotel's fitness center closed unexpectedly, and I didn't have time to get a refund from the club I belonged to.",other_uncategorized,qwen_synthetic_draft,4,qwen-generated draft; requires human review
qwen-other-uncategorized-008,I couldn't understand what language the staff were speaking. It made communicating with them difficult.,other_uncategorized,qwen_synthetic_draft,2,qwen-generated draft; requires human review
qwen-other-uncategorized-009,"The hotel had a very poor cleaning policy. Floors, bathrooms, and rooms weren't cleaned thoroughly enough.",other_uncategorized,qwen_synthetic_draft,1,qwen-generated draft; requires human review
qwen-other-uncategorized-010,There was a big mess in the hallway leading to my room. It looked like it hadn't been cleaned for days.,other_uncategorized,qwen_synthetic_draft,3,qwen-generated draft; requires human review
qwen-other-uncategorized-011,I had a terrible experience at this hotel. The room was dirty and uncomfortable. The staff were rude and unhelpful. I would never stay here again.,other_uncategorized,qwen_synthetic_draft,1,qwen-generated draft; requires human review
qwen-other-uncategorized-012,"The hotel's location is great, but the cleanliness could use some improvement. The staff are friendly, but they seem overworked.",other_uncategorized,qwen_synthetic_draft,2,qwen-generated draft; requires human review
qwen-other-uncategorized-013,"I stayed for a weekend and the room was alright. The view from my window was nice, but the internet connection was slow.",other_uncategorized,qwen_synthetic_draft,3,qwen-generated draft; requires human review
qwen-other-uncategorized-014,"The hotel was clean and the staff were friendly. However, the room service could use some more options.",other_uncategorized,qwen_synthetic_draft,4,qwen-generated draft; requires human review
qwen-other-uncategorized-015,I had a disappointing stay at this hotel. The room was too small and there wasn't enough storage space.,other_uncategorized,qwen_synthetic_draft,1,qwen-generated draft; requires human review
qwen-other-uncategorized-016,"The hotel is in a convenient location, but the noise level during my stay was quite high.",other_uncategorized,qwen_synthetic_draft,2,qwen-generated draft; requires human review
qwen-other-uncategorized-017,I stayed for a long weekend and had a good time. The room was comfortable and the staff were helpful.,other_uncategorized,qwen_synthetic_draft,5,qwen-generated draft; requires human review
qwen-other-uncategorized-018,"The hotel was clean and the staff were friendly, but the check-in process took much longer than expected.",other_uncategorized,qwen_synthetic_draft,4,qwen-generated draft; requires human review
qwen-other-uncategorized-019,I had a great experience at this hotel. The room was comfortable and there were plenty of amenities to choose from.,other_uncategorized,qwen_synthetic_draft,5,qwen-generated draft; requires human review
qwen-other-uncategorized-020,"The hotel's location is excellent, but the cleanliness could use some work. I would give it another chance if they improve their housekeeping.",other_uncategorized,qwen_synthetic_draft,2,qwen-generated draft; requires human review
qwen-other-uncategorized-021,The hotel was quiet but the breakfast wasn't up to expectations.,other_uncategorized,qwen_synthetic_draft,3,qwen-generated draft; requires human review
qwen-other-uncategorized-022,I stayed here during a snowstorm and it got very messy.,other_uncategorized,qwen_synthetic_draft,2,qwen-generated draft; requires human review
qwen-other-uncategorized-023,"The staff were nice, but my room had a leaky roof.",other_uncategorized,qwen_synthetic_draft,4,qwen-generated draft; requires human review
qwen-other-uncategorized-024,"The hotel was nice overall, but the Wi-Fi was slow.",other_uncategorized,qwen_synthetic_draft,3,qwen-generated draft; requires human review
qwen-other-uncategorized-025,"I had a great time at this resort, but it was very crowded.",other_uncategorized,qwen_synthetic_draft,4,qwen-generated draft; requires human review
qwen-other-uncategorized-026,The hotel was dirty and uncomfortable. I won't stay here again.,other_uncategorized,qwen_synthetic_draft,1,qwen-generated draft; requires human review
qwen-other-uncategorized-027,"The room service was good, but the staff was rude.",other_uncategorized,qwen_synthetic_draft,3,qwen-generated draft; requires human review
qwen-other-uncategorized-028,I stayed here for a business trip and it met all my needs.,other_uncategorized,qwen_synthetic_draft,4,qwen-generated draft; requires human review
qwen-other-uncategorized-029,"The hotel had great amenities, but I felt unsafe at night.",other_uncategorized,qwen_synthetic_draft,4,qwen-generated draft; requires human review
qwen-other-uncategorized-030,"The hotel was clean and the staff were helpful. Overall, a good experience.",other_uncategorized,qwen_synthetic_draft,5,qwen-generated draft; requires human review
qwen-other-uncategorized-031,The hotel's WiFi was extremely slow and unreliable. I couldn't stream videos without constant buffering.,other_uncategorized,qwen_synthetic_draft,2,qwen-generated draft; requires human review
qwen-other-uncategorized-032,I had a terrible experience with the reception staff. They were rude and unhelpful throughout my stay.,other_uncategorized,qwen_synthetic_draft,1,qwen-generated draft; requires human review
qwen-other-uncategorized-033,"The room was too small for our family of four, and there wasn't enough space to accommodate all our belongings.",other_uncategorized,qwen_synthetic_draft,3,qwen-generated draft; requires human review
qwen-other-uncategorized-034,The hotel's breakfast buffet was a complete disappointment. There was nothing interesting or filling on offer.,other_uncategorized,qwen_synthetic_draft,2,qwen-generated draft; requires human review
qwen-other-uncategorized-035,"I had to cancel my reservation last minute due to an emergency, but the hotel didn't provide any compensation.",other_uncategorized,qwen_synthetic_draft,1,qwen-generated draft; requires human review
qwen-other-uncategorized-036,The hotel's location was inconvenient. It was far from the city center and difficult to get around.,other_uncategorized,qwen_synthetic_draft,3,qwen-generated draft; requires human review
qwen-other-uncategorized-037,"I found a small mouse in my room while I was staying. It was gross and scary, but thankfully it was cleaned up quickly.",other_uncategorized,qwen_synthetic_draft,4,qwen-generated draft; requires human review
qwen-other-uncategorized-038,The hotel's spa services were overpriced and not worth the money. The treatments were subpar.,other_uncategorized,qwen_synthetic_draft,2,qwen-generated draft; requires human review
qwen-other-uncategorized-039,"I had a terrible time during my stay. The hotel was dirty, the staff was rude, and the amenities were lackluster.",other_uncategorized,qwen_synthetic_draft,1,qwen-generated draft; requires human review
qwen-other-uncategorized-040,The hotel's room service was slow and inefficient. It took forever to get even simple meals.,other_uncategorized,qwen_synthetic_draft,3,qwen-generated draft; requires human review
